cat,date,title,url
news,2020-01-01,お知らせのタイトル,/
update,2020-02-01,トピックスのタイトル,/
release,2020-03-01,イベントのタイトル,/
news,2020-04-01,お知らせのタイトル,/
update,2020-05-01,トピックスのタイトル,/
release,2020-06-01,イベントのタイトル,/
news,2020-07-01,お知らせのタイトル,/
update,2020-08-01,トピックスのタイトル,/
release,2020-09-01,イベントのタイトル,/
news,2020-10-01,お知らせのタイトル,/
update,2020-11-01,トピックスのタイトル,/
release,2020-12-01,イベントのタイトル,/
news,2021-01-01,お知らせのタイトル,/
update,2021-02-01,トピックスのタイトル,/
release,2021-03-01,イベントのタイトル,/
news,2021-04-01,お知らせのタイトル,/
update,2021-05-01,トピックスのタイトル,/
release,2021-06-01,イベントのタイトル,/